Const,Your Rating,Date Rated,Title,URL,Title Type,IMDb Rating,Runtime (mins),Year,Genres,Num Votes,Release Date,Directors
tt10151854,2,2024-01-11,Shazam! Fury of the Gods,https://www.imdb.com/title/tt10151854/,movie,6.0,130,2023,"Action, Adventure, Comedy, Fantasy",119021,2023-03-15,David F. Sandberg
tt10233448,7,2024-01-11,Vinland Saga,https://www.imdb.com/title/tt10233448/,tvSeries,8.8,24,2019,"Animation, Action, Adventure, Drama, History",65393,2019-07-06,
tt10288566,8,2024-01-11,Druk,https://www.imdb.com/title/tt10288566/,movie,7.7,117,2020,Drama,188152,2020-09-12,Thomas Vinterberg
tt0102926,6,2024-01-11,The Silence of the Lambs,https://www.imdb.com/title/tt0102926/,movie,8.6,118,1991,"Crime, Drama, Thriller",1522144,1991-01-30,Jonathan Demme
tt10370710,7,2024-01-11,Verdens verste menneske,https://www.imdb.com/title/tt10370710/,movie,7.7,128,2021,"Comedy, Drama, Romance",91623,2021-07-08,Joachim Trier
tt0105236,7,2024-01-11,Reservoir Dogs,https://www.imdb.com/title/tt0105236/,movie,8.3,99,1992,"Crime, Thriller",1073751,1992-01-21,Quentin Tarantino
tt0108052,7,2024-01-11,Schindler's List,https://www.imdb.com/title/tt0108052/,movie,9.0,195,1993,"Biography, Drama, History",1428411,1993-11-30,Steven Spielberg
tt10872600,6,2024-01-11,Spider-Man: No Way Home,https://www.imdb.com/title/tt10872600/,movie,8.2,148,2021,"Action, Adventure, Fantasy, Sci-Fi",855701,2021-12-13,Jon Watts
tt0108778,8,2024-01-11,Friends,https://www.imdb.com/title/tt0108778/,tvSeries,8.9,5280,1994,"Comedy, Romance",1069031,1994-09-22,
tt10919420,5,2024-01-11,Ojing-eo geim,https://www.imdb.com/title/tt10919420/,tvSeries,8.0,55,2021,"Action, Drama, Mystery, Thriller",521724,2021-09-17,
tt0109830,7,2018-09-29,Forrest Gump,https://www.imdb.com/title/tt0109830/,movie,8.8,142,1994,"Drama, Romance",2216892,1994-06-23,Robert Zemeckis
tt10986410,7,2024-01-11,Ted Lasso,https://www.imdb.com/title/tt10986410/,tvSeries,8.8,1453,2020,"Comedy, Drama, Sport",328874,2020-08-14,
tt0110413,7,2024-01-11,Léon,https://www.imdb.com/title/tt0110413/,movie,8.5,110,1994,"Action, Crime, Drama, Thriller",1227123,1994-09-14,Luc Besson
tt0110912,8,2018-09-29,Pulp Fiction,https://www.imdb.com/title/tt0110912/,movie,8.9,154,1994,"Crime, Drama",2181819,1994-05-21,Quentin Tarantino
tt0111161,8,2024-01-11,The Shawshank Redemption,https://www.imdb.com/title/tt0111161/,movie,9.3,142,1994,Drama,2843485,1994-09-10,Frank Darabont
tt11198330,7,2024-01-11,House of the Dragon,https://www.imdb.com/title/tt11198330/,tvSeries,8.5,50,2022,"Action, Adventure, Drama, Fantasy, Romance",355108,2022-08-21,
tt1130884,8,2024-01-11,Shutter Island,https://www.imdb.com/title/tt1130884/,movie,8.2,138,2010,"Mystery, Thriller",1425137,2010-02-13,Martin Scorsese
tt0113247,8,2024-01-11,La haine,https://www.imdb.com/title/tt0113247/,movie,8.1,98,1995,"Crime, Drama",191797,1995-05-27,Mathieu Kassovitz
tt0114369,8,2024-01-11,Se7en,https://www.imdb.com/title/tt0114369/,movie,8.6,127,1995,"Crime, Drama, Mystery, Thriller",1766323,1995-09-15,David Fincher
tt0114814,8,2024-01-11,The Usual Suspects,https://www.imdb.com/title/tt0114814/,movie,8.5,106,1995,"Crime, Drama, Mystery, Thriller",1132481,1995-01-25,Bryan Singer
tt0117951,5,2024-01-11,Trainspotting,https://www.imdb.com/title/tt0117951/,movie,8.1,93,1996,Drama,717426,1996-02-23,Danny Boyle
tt0118715,5,2024-01-11,The Big Lebowski,https://www.imdb.com/title/tt0118715/,movie,8.1,117,1998,"Comedy, Crime",850161,1998-01-18,"Joel Coen, Ethan Coen"
tt0118799,9,2024-01-11,La vita è bella,https://www.imdb.com/title/tt0118799/,movie,8.6,116,1997,"Comedy, Drama, Romance, War",732939,1997-12-20,Roberto Benigni
tt0118971,5,2024-01-11,The Devil's Advocate,https://www.imdb.com/title/tt0118971/,movie,7.5,144,1997,"Drama, Fantasy, Mystery, Thriller",396392,1997-10-13,Taylor Hackford
tt1190634,8,2024-01-11,The Boys,https://www.imdb.com/title/tt1190634/,tvSeries,8.7,60,2019,"Action, Comedy, Crime, Drama, Sci-Fi",620715,2019-07-16,
tt0119174,8,2024-01-11,The Game,https://www.imdb.com/title/tt0119174/,movie,7.7,129,1997,"Drama, Mystery, Thriller",422999,1997-09-03,David Fincher
tt0119217,7,2024-01-11,Good Will Hunting,https://www.imdb.com/title/tt0119217/,movie,8.3,126,1997,"Drama, Romance",1043778,1997-12-02,Gus Van Sant
tt1201607,6,2024-01-11,Harry Potter and the Deathly Hallows - Part 2,https://www.imdb.com/title/tt1201607/,movie,8.1,130,2011,"Adventure, Family, Fantasy, Mystery",933699,2011-07-07,David Yates
tt0120338,6,2024-01-11,Titanic,https://www.imdb.com/title/tt0120338/,movie,7.9,194,1997,"Drama, Romance",1261982,1997-11-01,James Cameron
tt0120382,7,2024-01-11,The Truman Show,https://www.imdb.com/title/tt0120382/,movie,8.2,103,1998,"Comedy, Drama",1171482,1998-06-01,Peter Weir
tt0120586,7,2024-01-11,American History X,https://www.imdb.com/title/tt0120586/,movie,8.5,119,1998,"Crime, Drama",1172716,1998-07-01,Tony Kaye
tt0120689,7,2024-01-11,The Green Mile,https://www.imdb.com/title/tt0120689/,movie,8.6,189,1999,"Crime, Drama, Fantasy, Mystery",1384652,1999-12-06,Frank Darabont
tt0120737,7,2018-09-29,The Lord of the Rings: The Fellowship of the Ring,https://www.imdb.com/title/tt0120737/,movie,8.9,178,2001,"Action, Adventure, Drama, Fantasy",1974959,2001-12-10,Peter Jackson
tt0120815,6,2024-01-11,Saving Private Ryan,https://www.imdb.com/title/tt0120815/,movie,8.6,169,1998,"Drama, War",1474526,1998-07-21,Steven Spielberg
tt0121955,8,2024-01-11,South Park,https://www.imdb.com/title/tt0121955/,tvSeries,8.7,22,1997,"Animation, Comedy",400900,1997-08-13,
tt12343534,7,2024-01-11,Jujutsu Kaisen,https://www.imdb.com/title/tt12343534/,tvSeries,8.6,24,2020,"Animation, Action, Adventure, Fantasy, Thriller",102231,2020-10-02,
tt12590266,4,2024-01-11,Cyberpunk: Edgerunners,https://www.imdb.com/title/tt12590266/,tvMiniSeries,8.3,24,2022,"Animation, Action, Adventure, Crime, Sci-Fi, Thriller",71903,2022-09-13,
tt1266020,6,2024-01-11,Parks and Recreation,https://www.imdb.com/title/tt1266020/,tvSeries,8.6,22,2009,Comedy,282659,2009-04-09,
tt1305826,8,2024-01-11,Adventure Time,https://www.imdb.com/title/tt1305826/,tvSeries,8.6,11,2010,"Animation, Action, Adventure, Comedy, Family, Fantasy, Sci-Fi",109169,2010-04-05,
tt0133093,8,2024-01-11,The Matrix,https://www.imdb.com/title/tt0133093/,movie,8.7,136,1999,"Action, Sci-Fi",2020573,1999-03-24,"Lilly Wachowski, Lana Wachowski"
tt1345836,8,2024-01-11,The Dark Knight Rises,https://www.imdb.com/title/tt1345836/,movie,8.4,164,2012,"Action, Drama, Thriller",1800567,2012-07-16,Christopher Nolan
tt1355642,7,2024-01-11,Hagane no renkinjutsushi,https://www.imdb.com/title/tt1355642/,tvSeries,9.1,24,2009,"Animation, Action, Adventure, Comedy, Drama, Family, Fantasy, Sci-Fi",192503,2009-04-05,
tt13616990,5,2024-01-11,Chainsaw Man,https://www.imdb.com/title/tt13616990/,tvSeries,8.4,25,2022,"Animation, Action, Adventure, Fantasy, Thriller",49417,2022-10-11,
tt0137523,7,2018-09-29,Fight Club,https://www.imdb.com/title/tt0137523/,movie,8.8,139,1999,Drama,2278494,1999-09-10,David Fincher
tt1375666,9,2017-06-21,Inception,https://www.imdb.com/title/tt1375666/,movie,8.8,148,2010,"Action, Adventure, Sci-Fi, Thriller",2507350,2010-07-08,Christopher Nolan
tt1379182,8,2024-01-11,Kynodontas,https://www.imdb.com/title/tt1379182/,movie,7.2,97,2009,"Drama, Thriller",105987,2009-05-18,Yorgos Lanthimos
tt1439629,9,2024-01-11,Community,https://www.imdb.com/title/tt1439629/,tvSeries,8.5,22,2009,Comedy,287922,2009-09-16,
tt0144084,8,2024-01-11,American Psycho,https://www.imdb.com/title/tt0144084/,movie,7.6,102,2000,"Crime, Drama, Horror",696361,2000-01-21,Mary Harron
tt1442437,5,2024-01-11,Modern Family,https://www.imdb.com/title/tt1442437/,tvSeries,8.5,22,2009,"Comedy, Drama, Romance",471546,2009-09-23,
tt14452776,6,2024-01-11,The Bear,https://www.imdb.com/title/tt14452776/,tvSeries,8.6,30,2022,"Comedy, Drama",178613,2022-06-23,
tt1475582,8,2024-01-11,Sherlock,https://www.imdb.com/title/tt1475582/,tvSeries,9.1,88,2010,"Crime, Drama, Mystery, Thriller",981707,2010-07-22,
tt1504320,9,2024-01-11,The King's Speech,https://www.imdb.com/title/tt1504320/,movie,8.0,118,2010,"Biography, Drama, History",702772,2010-09-06,Tom Hooper
tt1517268,4,2024-01-11,Barbie,https://www.imdb.com/title/tt1517268/,movie,6.9,114,2023,"Adventure, Comedy, Fantasy",458453,2023-07-09,Greta Gerwig
tt1570728,8,2024-01-11,"Crazy, Stupid, Love.",https://www.imdb.com/title/tt1570728/,movie,7.4,118,2011,"Comedy, Drama, Romance",554881,2011-07-19,"Glenn Ficarra, John Requa"
tt1586680,6,2024-01-11,Shameless,https://www.imdb.com/title/tt1586680/,tvSeries,8.5,46,2011,"Comedy, Drama",274354,2011-01-09,
tt1596363,8,2024-01-11,The Big Short,https://www.imdb.com/title/tt1596363/,movie,7.8,130,2015,"Biography, Comedy, Drama, History",474248,2015-11-12,Adam McKay
tt0165598,6,2024-01-11,That '70s Show,https://www.imdb.com/title/tt0165598/,tvSeries,8.1,22,1998,"Comedy, Drama, Romance",187472,1998-08-23,
tt0167260,8,2024-01-11,The Lord of the Rings: The Return of the King,https://www.imdb.com/title/tt0167260/,movie,9.0,201,2003,"Action, Adventure, Drama, Fantasy",1947796,2003-12-01,Peter Jackson
tt0167261,8,2018-09-29,The Lord of the Rings: The Two Towers,https://www.imdb.com/title/tt0167261/,movie,8.8,179,2002,"Action, Adventure, Drama, Fantasy",1756310,2002-12-05,Peter Jackson
tt0167404,6,2024-01-11,The Sixth Sense,https://www.imdb.com/title/tt0167404/,movie,8.2,107,1999,"Drama, Mystery, Thriller",1037820,1999-08-02,M. Night Shyamalan
tt1675434,6,2024-01-11,Intouchables,https://www.imdb.com/title/tt1675434/,movie,8.5,112,2011,"Biography, Comedy, Drama",913777,2011-09-23,"Olivier Nakache, Éric Toledano"
tt1695360,7,2024-01-11,The Legend of Korra,https://www.imdb.com/title/tt1695360/,tvSeries,8.3,23,2012,"Animation, Action, Adventure, Comedy, Family, Fantasy, Sci-Fi",132357,2012-04-14,
tt0169547,7,2024-01-11,American Beauty,https://www.imdb.com/title/tt0169547/,movie,8.3,122,1999,Drama,1198521,1999-09-08,Sam Mendes
tt1710308,7,2024-01-11,Regular Show,https://www.imdb.com/title/tt1710308/,tvSeries,8.5,23,2010,"Animation, Action, Adventure, Comedy, Family, Fantasy, Sci-Fi",55152,2010-09-06,
tt0172495,7,2018-09-29,Gladiator,https://www.imdb.com/title/tt0172495/,movie,8.5,155,2000,"Action, Adventure, Drama",1592463,2000-05-01,Ridley Scott
tt0180093,7,2024-01-11,Requiem for a Dream,https://www.imdb.com/title/tt0180093/,movie,8.3,102,2000,Drama,887029,2000-05-14,Darren Aronofsky
tt1837492,4,2024-01-11,13 Reasons Why,https://www.imdb.com/title/tt1837492/,tvSeries,7.5,60,2017,"Drama, Mystery, Thriller",311563,2017-03-31,
tt1839578,7,2024-01-11,Person of Interest,https://www.imdb.com/title/tt1839578/,tvSeries,8.5,43,2011,"Action, Crime, Drama, Mystery, Sci-Fi, Thriller",186445,2011-09-22,
tt1853728,8,2024-01-11,Django Unchained,https://www.imdb.com/title/tt1853728/,movie,8.5,165,2012,"Drama, Western",1664680,2012-12-11,Quentin Tarantino
tt1856010,10,2024-01-11,House of Cards,https://www.imdb.com/title/tt1856010/,tvSeries,8.6,3804,2013,Drama,525821,2013-02-01,
tt1856101,8,2024-01-11,Blade Runner 2049,https://www.imdb.com/title/tt1856101/,movie,8.0,164,2017,"Action, Drama, Mystery, Sci-Fi, Thriller",642126,2017-10-03,Denis Villeneuve
tt0185906,6,2024-01-11,Band of Brothers,https://www.imdb.com/title/tt0185906/,tvMiniSeries,9.4,594,2001,"Drama, History, War",511692,2001-09-09,
tt1895587,7,2024-01-11,Spotlight,https://www.imdb.com/title/tt1895587/,movie,8.1,129,2015,"Biography, Crime, Drama",495984,2015-09-03,Tom McCarthy
tt1910272,7,2024-01-11,Steins;Gate,https://www.imdb.com/title/tt1910272/,tvSeries,8.8,24,2011,"Animation, Comedy, Drama, Mystery, Romance, Sci-Fi, Thriller",71409,2011-03-06,
tt0193676,7,2024-01-11,Freaks and Geeks,https://www.imdb.com/title/tt0193676/,tvSeries,8.8,799,1999,"Comedy, Drama",151360,1999-09-25,
tt2024544,6,2024-01-11,12 Years a Slave,https://www.imdb.com/title/tt2024544/,movie,8.1,134,2013,"Biography, Drama, History",733263,2013-08-30,Steve McQueen
tt2085059,8,2024-01-11,Black Mirror,https://www.imdb.com/title/tt2085059/,tvSeries,8.7,60,2011,"Drama, Mystery, Sci-Fi, Thriller",626379,2011-12-04,
tt0209144,9,2024-01-11,Memento,https://www.imdb.com/title/tt0209144/,movie,8.4,113,2000,"Mystery, Thriller",1304739,2000-09-05,Christopher Nolan
tt2106476,9,2024-01-11,Jagten,https://www.imdb.com/title/tt2106476/,movie,8.3,115,2012,Drama,357166,2012-05-20,Thomas Vinterberg
tt0211915,6,2024-01-11,Le fabuleux destin d'Amélie Poulain,https://www.imdb.com/title/tt0211915/,movie,8.3,122,2001,"Comedy, Romance",786569,2001-04-25,Jean-Pierre Jeunet
tt2267998,7,2024-01-11,Gone Girl,https://www.imdb.com/title/tt2267998/,movie,8.1,149,2014,"Drama, Mystery, Thriller",1049145,2014-09-26,David Fincher
tt2294629,6,2024-01-11,Frozen,https://www.imdb.com/title/tt2294629/,movie,7.4,102,2013,"Animation, Adventure, Comedy, Family, Fantasy, Musical",656348,2013-11-10,"Jennifer Lee, Chris Buck"
tt2306299,8,2024-01-11,Vikings,https://www.imdb.com/title/tt2306299/,tvSeries,8.5,44,2013,"Action, Adventure, Drama, History, Romance, War",571048,2013-03-03,
tt2356777,8,2024-01-11,True Detective,https://www.imdb.com/title/tt2356777/,tvSeries,8.9,55,2014,"Crime, Drama, Mystery, Thriller",621128,2014-01-12,
tt0237123,6,2024-01-11,Coupling,https://www.imdb.com/title/tt0237123/,tvSeries,8.6,30,2000,"Comedy, Romance",47288,2000-05-12,
tt2467372,7,2024-01-11,Brooklyn Nine-Nine,https://www.imdb.com/title/tt2467372/,tvSeries,8.4,22,2013,"Comedy, Crime",351945,2013-09-17,
tt2560140,7,2024-01-11,Shingeki no Kyojin,https://www.imdb.com/title/tt2560140/,tvSeries,9.1,24,2013,"Animation, Action, Adventure, Drama, Fantasy, Horror",487649,2013-04-07,
tt2562232,7,2024-01-11,Birdman or (The Unexpected Virtue of Ignorance),https://www.imdb.com/title/tt2562232/,movie,7.7,119,2014,"Comedy, Drama",659343,2014-08-27,Alejandro G. Iñárritu
tt2582802,9,2024-01-11,Whiplash,https://www.imdb.com/title/tt2582802/,movie,8.5,106,2014,"Drama, Music",960710,2014-01-16,Damien Chazelle
tt0264464,7,2024-01-11,Catch Me If You Can,https://www.imdb.com/title/tt0264464/,movie,8.1,141,2002,"Biography, Crime, Drama",1072174,2002-12-16,Steven Spielberg
tt0266697,6,2024-01-11,Kill Bill: Vol. 1,https://www.imdb.com/title/tt0266697/,movie,8.2,111,2003,"Action, Crime, Thriller",1174960,2003-09-29,Quentin Tarantino
tt0268978,7,2024-01-11,A Beautiful Mind,https://www.imdb.com/title/tt0268978/,movie,8.2,135,2001,"Biography, Drama, Mystery",975538,2001-12-13,Ron Howard
tt0278238,6,2024-01-11,Samurai Jack,https://www.imdb.com/title/tt0278238/,tvSeries,8.5,23,2001,"Animation, Action, Adventure, Drama, Fantasy, Sci-Fi, Thriller",58507,2001-08-10,
tt2861424,9,2024-01-11,Rick and Morty,https://www.imdb.com/title/tt2861424/,tvSeries,9.1,23,2013,"Animation, Adventure, Comedy, Sci-Fi",587277,2013-12-02,
tt2872732,3,2024-01-11,Lucy,https://www.imdb.com/title/tt2872732/,movie,6.4,89,2014,"Action, Sci-Fi, Thriller",527632,2014-07-25,Luc Besson
tt0317248,6,2018-09-29,Cidade de Deus,https://www.imdb.com/title/tt0317248/,movie,8.6,130,2002,"Crime, Drama",791330,2002-05-18,"Kátia Lund, Fernando Meirelles"
tt3315342,6,2024-01-11,Logan,https://www.imdb.com/title/tt3315342/,movie,8.1,137,2017,"Action, Drama, Sci-Fi, Thriller",816677,2017-02-17,James Mangold
tt0338013,8,2024-01-11,Eternal Sunshine of the Spotless Mind,https://www.imdb.com/title/tt0338013/,movie,8.3,108,2004,"Drama, Romance, Sci-Fi",1061177,2004-03-09,Michel Gondry
tt3398540,7,2024-01-11,Haikyuu!!,https://www.imdb.com/title/tt3398540/,tvSeries,8.7,24,2014,"Animation, Comedy, Drama, Sport",33423,2014-04-05,
tt0034583,7,2024-01-11,Casablanca,https://www.imdb.com/title/tt0034583/,movie,8.5,102,1942,"Drama, Romance, War",598914,1942-11-26,Michael Curtiz
tt3464902,6,2024-01-11,The Lobster,https://www.imdb.com/title/tt3464902/,movie,7.1,119,2015,"Drama, Romance, Sci-Fi, Thriller",282919,2015-05-15,Yorgos Lanthimos
tt0361748,7,2024-01-11,Inglourious Basterds,https://www.imdb.com/title/tt0361748/,movie,8.4,153,2009,"Adventure, Drama, War",1554571,2009-05-20,Quentin Tarantino
tt0364569,6,2024-01-11,Oldeuboi,https://www.imdb.com/title/tt0364569/,movie,8.4,120,2003,"Action, Drama, Mystery, Thriller",623255,2003-11-21,Park Chan-wook
tt0367279,8,2024-01-11,Arrested Development,https://www.imdb.com/title/tt0367279/,tvSeries,8.7,22,2003,Comedy,320799,2003-11-02,
tt3718778,7,2024-01-11,Over the Garden Wall,https://www.imdb.com/title/tt3718778/,tvMiniSeries,8.8,22,2014,"Animation, Short, Adventure, Comedy, Drama, Family, Fantasy, Horror, Mystery",68217,2014-11-03,
tt0372784,8,2024-01-11,Batman Begins,https://www.imdb.com/title/tt0372784/,movie,8.2,140,2005,"Action, Crime, Drama",1555692,2005-05-31,Christopher Nolan
tt3783958,9,2018-09-29,La La Land,https://www.imdb.com/title/tt3783958/,movie,8.0,128,2016,"Comedy, Drama, Music, Musical, Romance",650537,2016-08-31,Damien Chazelle
tt0384766,9,2024-01-11,Rome,https://www.imdb.com/title/tt0384766/,tvSeries,8.7,1193,2005,"Action, Drama, Romance, War",182657,2005-08-28,
tt0386676,9,2024-01-11,The Office,https://www.imdb.com/title/tt0386676/,tvSeries,9.0,22,2005,Comedy,688591,2005-03-24,
tt0405094,8,2024-01-11,Das Leben der Anderen,https://www.imdb.com/title/tt0405094/,movie,8.4,137,2006,"Drama, Mystery, Thriller",405904,2006-03-15,Florian Henckel von Donnersmarck
tt0407887,8,2018-09-29,The Departed,https://www.imdb.com/title/tt0407887/,movie,8.5,151,2006,"Crime, Drama, Thriller",1402110,2006-09-26,Martin Scorsese
tt4154756,7,2024-01-11,Avengers: Infinity War,https://www.imdb.com/title/tt4154756/,movie,8.4,149,2018,"Action, Adventure, Sci-Fi",1178772,2018-04-23,"Anthony Russo, Joe Russo"
tt4154796,7,2024-01-11,Avengers: Endgame,https://www.imdb.com/title/tt4154796/,movie,8.4,181,2019,"Action, Adventure, Drama, Sci-Fi",1240238,2019-04-18,"Anthony Russo, Joe Russo"
tt0417299,9,2024-01-11,Avatar: The Last Airbender,https://www.imdb.com/title/tt0417299/,tvSeries,9.3,23,2005,"Animation, Action, Adventure, Family, Fantasy, Mystery",351971,2005-02-21,
tt0434409,8,2024-01-11,V for Vendetta,https://www.imdb.com/title/tt0434409/,movie,8.2,132,2005,"Action, Drama, Sci-Fi, Thriller",1167458,2005-12-11,James McTeigue
tt0443706,8,2024-01-11,Zodiac,https://www.imdb.com/title/tt0443706/,movie,7.7,157,2007,"Crime, Drama, Mystery, Thriller",586939,2007-02-28,David Fincher
tt0448115,2,2024-01-11,Shazam!,https://www.imdb.com/title/tt0448115/,movie,7.0,132,2019,"Action, Adventure, Comedy, Fantasy",379135,2019-03-25,David F. Sandberg
tt4508902,8,2024-01-11,One Punch Man: Wanpanman,https://www.imdb.com/title/tt4508902/,tvSeries,8.7,24,2015,"Animation, Action, Comedy, Family, Fantasy, Sci-Fi",181894,2015-10-01,
tt0455275,5,2024-01-11,Prison Break,https://www.imdb.com/title/tt0455275/,tvSeries,8.3,44,2005,"Action, Crime, Drama, Mystery, Thriller",570768,2005-08-29,
tt4574334,5,2024-01-11,Stranger Things,https://www.imdb.com/title/tt4574334/,tvSeries,8.7,51,2016,"Drama, Fantasy, Horror, Mystery, Sci-Fi, Thriller",1305617,2016-07-11,
tt0460649,7,2024-01-11,How I Met Your Mother,https://www.imdb.com/title/tt0460649/,tvSeries,8.3,4576,2005,"Comedy, Drama, Romance",719626,2005-09-19,
tt4633694,8,2024-01-11,Spider-Man: Into the Spider-Verse,https://www.imdb.com/title/tt4633694/,movie,8.4,117,2018,"Animation, Action, Adventure, Comedy, Family, Fantasy, Sci-Fi",651697,2018-12-12,"Peter Ramsey, Rodney Rothman, Bob Persichetti"
tt0468569,10,2024-01-11,The Dark Knight,https://www.imdb.com/title/tt0468569/,movie,9.0,152,2008,"Action, Crime, Drama, Thriller",2824488,2008-07-14,Christopher Nolan
tt0469494,7,2024-01-11,There Will Be Blood,https://www.imdb.com/title/tt0469494/,movie,8.2,158,2007,Drama,631829,2007-09-27,Paul Thomas Anderson
tt0475784,6,2024-01-11,Westworld,https://www.imdb.com/title/tt0475784/,tvSeries,8.5,62,2016,"Drama, Mystery, Sci-Fi",526932,2016-09-30,
tt0477348,5,2024-01-11,No Country for Old Men,https://www.imdb.com/title/tt0477348/,movie,8.2,122,2007,"Crime, Drama, Thriller",1040856,2007-05-19,"Joel Coen, Ethan Coen"
tt0482571,9,2018-09-29,The Prestige,https://www.imdb.com/title/tt0482571/,movie,8.5,130,2006,"Drama, Mystery, Sci-Fi, Thriller",1418493,2006-10-17,Christopher Nolan
tt4955642,7,2024-01-11,The Good Place,https://www.imdb.com/title/tt4955642/,tvSeries,8.2,1303,2016,"Comedy, Drama, Fantasy, Mystery, Romance",184028,2016-09-19,
tt0050083,8,2018-09-29,12 Angry Men,https://www.imdb.com/title/tt0050083/,movie,9.0,96,1957,"Crime, Drama",848832,1957-04-10,Sidney Lumet
tt5052448,5,2024-01-11,Get Out,https://www.imdb.com/title/tt5052448/,movie,7.8,104,2017,"Horror, Mystery, Thriller",678337,2017-01-23,Jordan Peele
tt5229638,7,2024-01-11,Westworld: The Bicameral Mind,https://www.imdb.com/title/tt5229638/,tvEpisode,9.7,90,2016,"Drama, Mystery, Sci-Fi",31601,2016-12-04,Jonathan Nolan
tt5290382,8,2024-01-11,Mindhunter,https://www.imdb.com/title/tt5290382/,tvSeries,8.6,60,2017,"Crime, Drama, Mystery, Thriller",325782,2017-10-13,
tt5421602,6,2024-01-11,Anne,https://www.imdb.com/title/tt5421602/,tvSeries,8.6,60,2017,"Drama, Family",64123,2017-03-19,
tt5687612,9,2024-01-11,Fleabag,https://www.imdb.com/title/tt5687612/,tvSeries,8.7,302,2016,"Comedy, Drama",192327,2016-07-21,
tt0057012,7,2024-01-11,Dr. Strangelove or: How I Learned to Stop Worrying and Love the Bomb,https://www.imdb.com/title/tt0057012/,movie,8.4,95,1964,"Comedy, War",512047,1964-01-29,Stanley Kubrick
tt5715874,8,2024-01-11,The Killing of a Sacred Deer,https://www.imdb.com/title/tt5715874/,movie,7.0,121,2017,"Drama, Horror, Mystery, Thriller",176840,2017-05-22,Yorgos Lanthimos
tt5753856,8,2024-01-11,Dark,https://www.imdb.com/title/tt5753856/,tvSeries,8.7,1455,2017,"Crime, Drama, Mystery, Sci-Fi, Thriller",432404,2017-09-09,
tt6155172,7,2024-01-11,Roma,https://www.imdb.com/title/tt6155172/,movie,7.7,135,2018,Drama,167876,2018-08-30,Alfonso Cuarón
tt6257970,6,2024-01-11,The End of the F***ing World,https://www.imdb.com/title/tt6257970/,tvSeries,8.0,25,2017,"Adventure, Comedy, Crime, Drama, Romance, Thriller",214774,2017-10-24,
tt6468322,4,2024-01-11,La casa de papel,https://www.imdb.com/title/tt6468322/,tvSeries,8.2,70,2017,"Action, Crime, Drama, Mystery, Thriller",519901,2017-05-02,
tt6710474,3,2024-01-11,Everything Everywhere All at Once,https://www.imdb.com/title/tt6710474/,movie,7.8,139,2022,"Action, Adventure, Comedy, Fantasy, Sci-Fi",504281,2022-03-11,"Daniel Kwan, Daniel Scheinert"
tt6741278,8,2024-01-11,Invincible,https://www.imdb.com/title/tt6741278/,tvSeries,8.7,50,2021,"Animation, Action, Adventure, Drama, Fantasy, Sci-Fi, Thriller",186438,2021-03-25,
tt6751668,8,2024-01-11,Gisaengchung,https://www.imdb.com/title/tt6751668/,movie,8.5,132,2019,"Drama, Thriller",921865,2019-05-21,Bong Joon Ho
tt6763664,8,2024-01-11,The Haunting of Hill House,https://www.imdb.com/title/tt6763664/,tvMiniSeries,8.6,572,2018,"Drama, Horror, Mystery, Thriller",281540,2018-10-07,
tt0068646,8,2024-01-11,The Godfather,https://www.imdb.com/title/tt0068646/,movie,9.2,175,1972,"Crime, Drama",1981186,1972-03-14,Francis Ford Coppola
tt6966692,6,2024-01-11,Green Book,https://www.imdb.com/title/tt6966692/,movie,8.2,130,2018,"Biography, Comedy, Drama, Music",550429,2018-09-11,Peter Farrelly
tt0071562,7,2024-01-11,The Godfather Part II,https://www.imdb.com/title/tt0071562/,movie,9.0,202,1974,"Crime, Drama",1344733,1974-12-12,Francis Ford Coppola
tt7286456,7,2024-01-11,Joker,https://www.imdb.com/title/tt7286456/,movie,8.4,122,2019,"Crime, Drama, Thriller",1442718,2019-08-31,Todd Phillips
tt0073486,6,2024-01-11,One Flew Over the Cuckoo's Nest,https://www.imdb.com/title/tt0073486/,movie,8.7,133,1975,Drama,1057408,1975-11-19,Milos Forman
tt7366338,7,2024-01-11,Chernobyl,https://www.imdb.com/title/tt7366338/,tvMiniSeries,9.3,330,2019,"Drama, History, Thriller",841606,2019-05-06,
tt0075314,6,2024-01-11,Taxi Driver,https://www.imdb.com/title/tt0075314/,movie,8.2,114,1976,"Crime, Drama",903684,1976-02-08,Martin Scorsese
tt0076759,7,2024-01-11,Star Wars,https://www.imdb.com/title/tt0076759/,movie,8.6,121,1977,"Action, Adventure, Fantasy, Sci-Fi",1431503,1977-05-25,George Lucas
tt0080684,7,2024-01-11,Star Wars: Episode V - The Empire Strikes Back,https://www.imdb.com/title/tt0080684/,movie,8.7,124,1980,"Action, Adventure, Fantasy, Sci-Fi",1360823,1980-05-17,Irvin Kershner
tt0081505,7,2024-01-11,The Shining,https://www.imdb.com/title/tt0081505/,movie,8.4,146,1980,"Drama, Horror",1089568,1980-05-23,Stanley Kubrick
tt0816692,8,2024-01-11,Interstellar,https://www.imdb.com/title/tt0816692/,movie,8.7,169,2014,"Adventure, Drama, Sci-Fi",2040497,2014-10-26,Christopher Nolan
tt8267604,6,2024-01-11,Capharnaüm,https://www.imdb.com/title/tt8267604/,movie,8.4,126,2018,Drama,102279,2018-05-17,Nadine Labaki
tt0083658,7,2024-01-11,Blade Runner,https://www.imdb.com/title/tt0083658/,movie,8.1,117,1982,"Action, Drama, Sci-Fi, Thriller",811958,1982-06-25,Ridley Scott
tt8420184,7,2024-01-11,The Last Dance,https://www.imdb.com/title/tt8420184/,tvMiniSeries,9.1,491,2020,"Documentary, Biography, History, Sport",147114,2020-04-19,
tt0086190,6,2024-01-11,Star Wars: Episode VI - Return of the Jedi,https://www.imdb.com/title/tt0086190/,movie,8.3,131,1983,"Action, Adventure, Fantasy, Sci-Fi",1106987,1983-05-23,Richard Marquand
tt0086250,8,2024-01-11,Scarface,https://www.imdb.com/title/tt0086250/,movie,8.3,170,1983,"Crime, Drama",900949,1983-12-01,Brian De Palma
tt0877057,8,2024-01-11,Death Note: Desu nôto,https://www.imdb.com/title/tt0877057/,tvSeries,8.9,851,2006,"Animation, Crime, Drama, Fantasy, Mystery, Thriller",367794,2006-10-03,
tt8772296,6,2024-01-11,Euphoria,https://www.imdb.com/title/tt8772296/,tvSeries,8.3,55,2019,Drama,228138,2019-06-16,
tt0088763,7,2024-01-11,Back to the Future,https://www.imdb.com/title/tt0088763/,movie,8.5,116,1985,"Adventure, Comedy, Sci-Fi",1285400,1985-07-03,Robert Zemeckis
tt0892769,6,2024-01-11,How to Train Your Dragon,https://www.imdb.com/title/tt0892769/,movie,8.1,98,2010,"Animation, Action, Adventure, Comedy, Family, Fantasy",787604,2010-03-18,"Chris Sanders, Dean DeBlois"
tt0898266,5,2024-01-11,The Big Bang Theory,https://www.imdb.com/title/tt0898266/,tvSeries,8.2,5702,2007,"Comedy, Romance",853996,2007-09-24,
tt0903747,8,2024-01-11,Breaking Bad,https://www.imdb.com/title/tt0903747/,tvSeries,9.5,3030,2008,"Crime, Drama, Thriller",2086793,2008-01-20,
tt9059760,7,2024-01-11,Normal People,https://www.imdb.com/title/tt9059760/,tvMiniSeries,8.4,339,2020,"Drama, Romance",85070,2020-04-26,
tt0910970,9,2024-01-11,WALL·E,https://www.imdb.com/title/tt0910970/,movie,8.4,98,2008,"Animation, Adventure, Family, Sci-Fi",1181982,2008-06-21,Andrew Stanton
tt9140560,7,2024-01-11,WandaVision,https://www.imdb.com/title/tt9140560/,tvMiniSeries,7.9,350,2021,"Action, Comedy, Drama, Fantasy, Mystery, Romance, Sci-Fi",362187,2021-01-15,
tt0093058,5,2024-01-11,Full Metal Jacket,https://www.imdb.com/title/tt0093058/,movie,8.3,116,1987,"Drama, War",780223,1987-06-17,Stanley Kubrick
tt9335498,7,2024-01-11,Kimetsu no Yaiba,https://www.imdb.com/title/tt9335498/,tvSeries,8.6,24,2019,"Animation, Action, Adventure, Fantasy, Thriller",139984,2019-04-06,
tt0934814,5,2024-01-11,Chuck,https://www.imdb.com/title/tt0934814/,tvSeries,8.2,43,2007,"Action, Comedy, Drama",145408,2007-09-24,
tt9362722,8,2024-01-11,Spider-Man: Across the Spider-Verse,https://www.imdb.com/title/tt9362722/,movie,8.6,140,2023,"Animation, Action, Adventure, Family, Fantasy, Sci-Fi",330580,2023-05-31,"Justin K. Thompson, Kemp Powers, Joaquim Dos Santos"
tt0944947,10,2017-08-17,Game of Thrones,https://www.imdb.com/title/tt0944947/,tvSeries,9.2,4189,2011,"Action, Adventure, Drama, Fantasy",2242600,2011-04-16,
tt0947798,6,2024-01-11,Black Swan,https://www.imdb.com/title/tt0947798/,movie,8.0,108,2010,"Drama, Thriller",812589,2010-09-01,Darren Aronofsky
tt0095016,6,2024-01-11,Die Hard,https://www.imdb.com/title/tt0095016/,movie,8.2,132,1988,"Action, Thriller",934189,1988-07-12,John McTiernan
tt9561862,8,2024-01-11,"Love, Death & Robots",https://www.imdb.com/title/tt9561862/,tvSeries,8.4,15,2019,"Animation, Short, Action, Adventure, Comedy, Drama, Fantasy, Horror, Mystery, Sci-Fi, Thriller",190934,2019-03-15,
tt0097165,5,2024-01-11,Dead Poets Society,https://www.imdb.com/title/tt0097165/,movie,8.1,128,1989,"Comedy, Drama",533660,1989-06-02,Peter Weir
tt0988824,8,2024-01-11,Naruto: Shippûden,https://www.imdb.com/title/tt0988824/,tvSeries,8.7,24,2007,"Animation, Action, Adventure, Comedy, Drama, Fantasy",158432,2007-02-15,
tt0098904,8,2024-01-11,Seinfeld,https://www.imdb.com/title/tt0098904/,tvSeries,8.9,22,1989,Comedy,344867,1989-07-05,
tt0993846,7,2024-01-11,The Wolf of Wall Street,https://www.imdb.com/title/tt0993846/,movie,8.2,180,2013,"Biography, Comedy, Crime, Drama",1547323,2013-12-09,Martin Scorsese
tt0994314,7,2024-01-11,Code Geass: Hangyaku no Lelouch,https://www.imdb.com/title/tt0994314/,tvSeries,8.7,24,2006,"Animation, Action, Drama, Fantasy, Sci-Fi, Thriller",78048,2006-10-05,
tt0099685,7,2024-01-11,Goodfellas,https://www.imdb.com/title/tt0099685/,movie,8.7,145,1990,"Biography, Crime, Drama",1236634,1990-09-09,Martin Scorsese
